st_text,ts,sub,frm,email,tag,mid,link
Sent,25/05/2025 20:04,test,charlie@charlie-marshall.dev,subnetix@gmail.com,test,<202505251904.14823710119@smtp-relay.mailin.fr>,NA
Sent,25/05/2025 20:02,test,charlie@charlie-marshall.dev,subnetix@gmail.com,None,<202505251902.48653646640@smtp-relay.mailin.fr>,NA
Sent,25/05/2025 20:00,test,charlie@charlie-marshall.dev,subnetix@gmail.com,None,<202505251900.61777416579@smtp-relay.mailin.fr>,NA
Sent,25/05/2025 19:59,test,charlie@charlie-marshall.dev,subnetix@gmail.com,None,<202505251859.94174802588@smtp-relay.mailin.fr>,NA
Sent,25/05/2025 19:58,test,charlie@charlie-marshall.dev,subnetix@gmail.com,None,<202505251858.42828577111@smtp-relay.mailin.fr>,NA
Sent,25/05/2025 19:57,test,charlie@charlie-marshall.dev,subnetix@gmail.com,None,<202505251857.45148342584@smtp-relay.mailin.fr>,NA
Sent,13/05/2025 21:13,I Audited Your Website.,charlie@charlie-marshall.dev,tom@sowebdesigns.co.uk,None,<202505132013.65283515843@smtp-relay.mailin.fr>,NA
Sent,13/05/2025 21:13,I Audited Your Website.,charlie@charlie-marshall.dev,info@kp-comms.com,None,<202505132013.42599672583@smtp-relay.mailin.fr>,NA
Sent,13/05/2025 21:12,I Audited Your Website.,charlie@charlie-marshall.dev,osanodigital@gmail.com,None,<202505132012.74956851635@smtp-relay.mailin.fr>,NA
Sent,13/05/2025 21:12,I Audited Your Website.,charlie@charlie-marshall.dev,example@mysite.com,None,<202505132012.23573892055@smtp-relay.mailin.fr>,NA
Sent,13/05/2025 21:11,I Audited Your Website.,charlie@charlie-marshall.dev,chloe@deliveredsocial.com,None,<202505132011.97659663000@smtp-relay.mailin.fr>,NA
Sent,13/05/2025 21:11,I Audited Your Website.,charlie@charlie-marshall.dev,design@ouno.co.uk,None,<202505132011.88821133412@smtp-relay.mailin.fr>,NA
Sent,13/05/2025 21:10,I Audited Your Website.,charlie@charlie-marshall.dev,apply@ethosmetrics.com,None,<202505132010.75875404019@smtp-relay.mailin.fr>,NA
Sent,13/05/2025 21:09,I Audited Your Website.,charlie@charlie-marshall.dev,team@airsocial.co.uk,None,<202505132009.95144421972@smtp-relay.mailin.fr>,NA
Sent,13/05/2025 21:08,I Audited Your Website.,charlie@charlie-marshall.dev,alex@cleverm.co.uk,None,<202505132008.39908843095@smtp-relay.mailin.fr>,NA
Sent,13/05/2025 20:13,I Audited Your Website.,charlie@charlie-marshall.dev,careers@wearevaliant.com,None,<202505131913.40844752315@smtp-relay.mailin.fr>,NA
Sent,13/05/2025 20:12,I Audited Your Website.,charlie@charlie-marshall.dev,info@innovationvisual.com,None,<202505131912.67603818546@smtp-relay.mailin.fr>,NA
Sent,13/05/2025 20:12,I Audited Your Website.,charlie@charlie-marshall.dev,info@bluesparkdigital.com,None,<202505131912.25251416108@smtp-relay.mailin.fr>,NA
Sent,13/05/2025 20:12,I Audited Your Website.,charlie@charlie-marshall.dev,c098db2425c540d3982e073ae7fc4c9a@sentry.wixpress.com,None,<202505131912.86723056072@smtp-relay.mailin.fr>,NA
Sent,13/05/2025 20:11,I Audited Your Website.,charlie@charlie-marshall.dev,anish@clickkath.com,None,<202505131911.88129997464@smtp-relay.mailin.fr>,NA
Sent,13/05/2025 20:11,I Audited Your Website.,charlie@charlie-marshall.dev,info@ethosmetrics.com,None,<202505131911.96547014763@smtp-relay.mailin.fr>,NA
Sent,13/05/2025 20:10,I Audited Your Website.,charlie@charlie-marshall.dev,howdy@wearethunderbolt.com,None,<202505131910.87255974055@smtp-relay.mailin.fr>,NA
Sent,13/05/2025 20:10,I Audited Your Website.,charlie@charlie-marshall.dev,layer-43@1x.png,None,<202505131910.83992358586@smtp-relay.mailin.fr>,NA
Sent,13/05/2025 20:09,I Audited Your Website.,charlie@charlie-marshall.dev,2020-21-family-business-_of-the-year@4x.webp,None,<202505131909.53250139385@smtp-relay.mailin.fr>,NA
Sent,13/05/2025 20:09,I Audited Your Website.,charlie@charlie-marshall.dev,info@digity.co.uk,None,<202505131909.96387409587@smtp-relay.mailin.fr>,NA
Sent,13/05/2025 19:12,I Audited Your Website.,charlie@charlie-marshall.dev,alex@airsocial.co.uk,None,<202505131812.71226419986@smtp-relay.mailin.fr>,NA
Sent,13/05/2025 19:11,I Audited Your Website.,charlie@charlie-marshall.dev,aquariusplb@ntlworld.com,None,<202505131811.75558579094@smtp-relay.mailin.fr>,NA
Sent,13/05/2025 19:11,I Audited Your Website.,charlie@charlie-marshall.dev,john@jonathanfryesplumbingandheating.com,None,<202505131811.94554281097@smtp-relay.mailin.fr>,NA
Sent,13/05/2025 19:11,I Audited Your Website.,charlie@charlie-marshall.dev,info@pamberplumbers.co.uk,None,<202505131811.94937880821@smtp-relay.mailin.fr>,NA
Sent,13/05/2025 19:10,I Audited Your Website.,charlie@charlie-marshall.dev,peterlorusso@hotmail.co.uk,None,<202505131810.53399360398@smtp-relay.mailin.fr>,NA
Sent,13/05/2025 19:10,I Audited Your Website.,charlie@charlie-marshall.dev,enquiry@akplumbers.com,None,<202505131810.89644556348@smtp-relay.mailin.fr>,NA
Sent,13/05/2025 19:10,I Audited Your Website.,charlie@charlie-marshall.dev,quotes@williamsplbg.co.uk,None,<202505131810.23235270128@smtp-relay.mailin.fr>,NA
Sent,13/05/2025 19:09,I Audited Your Website.,charlie@charlie-marshall.dev,info@leakdetection247.co.uk,None,<202505131809.64755688215@smtp-relay.mailin.fr>,NA
Sent,13/05/2025 19:09,I Audited Your Website.,charlie@charlie-marshall.dev,webmaster@gordonlowdon.co.uk,None,<202505131809.68669775730@smtp-relay.mailin.fr>,NA
Sent,13/05/2025 19:09,I Audited Your Website.,charlie@charlie-marshall.dev,surreyheating@yahoo.com,None,<202505131809.94375441697@smtp-relay.mailin.fr>,NA
Sent,13/05/2025 18:15,I Audited Your Website.,charlie@charlie-marshall.dev,info@jfk-plumbing.co.uk,None,<202505131715.98648482441@smtp-relay.mailin.fr>,NA
Sent,13/05/2025 18:14,I Audited Your Website.,charlie@charlie-marshall.dev,alleycatsbeauty@gmail.com,None,<202505131714.28987931169@smtp-relay.mailin.fr>,NA
Sent,13/05/2025 18:14,I Audited Your Website.,charlie@charlie-marshall.dev,hello@xandermarketing.com,None,<202505131714.51939916069@smtp-relay.mailin.fr>,NA
Sent,13/05/2025 18:13,I Audited Your Website.,charlie@charlie-marshall.dev,hello@modernclassic.digital,None,<202505131713.89864283297@smtp-relay.mailin.fr>,NA
Sent,13/05/2025 18:13,I Audited Your Website.,charlie@charlie-marshall.dev,melanie@pharmabase.co.uk,None,<202505131713.32511814009@smtp-relay.mailin.fr>,NA
Sent,13/05/2025 18:12,I Audited Your Website.,charlie@charlie-marshall.dev,sophie@themarketinglaunch.co.uk,None,<202505131712.99836252711@smtp-relay.mailin.fr>,NA
Sent,13/05/2025 18:12,I Audited Your Website.,charlie@charlie-marshall.dev,dom@brandswithinfluence.com,None,<202505131712.21803513308@smtp-relay.mailin.fr>,NA
Sent,13/05/2025 18:11,I Audited Your Website.,charlie@charlie-marshall.dev,vbradley@arrowline.org,None,<202505131711.19731405813@smtp-relay.mailin.fr>,NA
Sent,13/05/2025 18:10,I Audited Your Website.,charlie@charlie-marshall.dev,catherine@maggie-marketing.co.uk,None,<202505131710.49783442267@smtp-relay.mailin.fr>,NA
Sent,13/05/2025 10:12,I Audited Your Website.,charlie@charlie-marshall.dev,lovewalkiesdogwalking@gmail.com,None,<202505130912.42802745831@smtp-relay.mailin.fr>,NA
Sent,13/05/2025 10:12,I Audited Your Website.,charlie@charlie-marshall.dev,carolinebashworth@gmail.com,None,<202505130912.78235507651@smtp-relay.mailin.fr>,NA
Sent,13/05/2025 10:11,I Audited Your Website.,charlie@charlie-marshall.dev,paulchandler@beechnutelectrical.co.uk,None,<202505130911.73785006310@smtp-relay.mailin.fr>,NA
Sent,13/05/2025 10:11,I Audited Your Website.,charlie@charlie-marshall.dev,emma@spiritdayspa.co.uk,None,<202505130911.29144296700@smtp-relay.mailin.fr>,NA
Sent,13/05/2025 10:10,I Audited Your Website.,charlie@charlie-marshall.dev,miltonkeynes@mrclutch.com,None,<202505130910.12008146241@smtp-relay.mailin.fr>,NA
Sent,13/05/2025 10:09,I Audited Your Website.,charlie@charlie-marshall.dev,ava@avavioletphotography.com,None,<202505130909.55443451047@smtp-relay.mailin.fr>,NA
Sent,13/05/2025 10:09,I Audited Your Website.,charlie@charlie-marshall.dev,lesley@lemarshall.co.uk,None,<202505130909.62216554571@smtp-relay.mailin.fr>,NA
Sent,13/05/2025 10:09,I Audited Your Website.,charlie@charlie-marshall.dev,emma.corby@btconnect.com,None,<202505130909.54938277781@smtp-relay.mailin.fr>,NA
Sent,13/05/2025 10:08,I Audited Your Website.,charlie@charlie-marshall.dev,andrew.simmons@knoxcropper.com,None,<202505130908.62162376834@smtp-relay.mailin.fr>,NA
Sent,13/05/2025 09:11,I Audited Your Website.,charlie@charlie-marshall.dev,chrissie@bennewith.co.uk,None,<202505130811.51244336615@smtp-relay.mailin.fr>,NA
Sent,13/05/2025 09:11,I Audited Your Website.,charlie@charlie-marshall.dev,peter.bowyer@pkb.co.uk,None,<202505130811.64173399111@smtp-relay.mailin.fr>,NA
Sent,13/05/2025 09:11,I Audited Your Website.,charlie@charlie-marshall.dev,nina@detoxity.co.uk,None,<202505130811.87139209182@smtp-relay.mailin.fr>,NA
Sent,13/05/2025 09:10,I Audited Your Website.,charlie@charlie-marshall.dev,ben@mbl-accountants.co.uk,None,<202505130810.77524384226@smtp-relay.mailin.fr>,NA
Sent,13/05/2025 09:10,I Audited Your Website.,charlie@charlie-marshall.dev,julie@jvfaccounts.co.uk,None,<202505130810.16535244897@smtp-relay.mailin.fr>,NA
Sent,13/05/2025 09:10,I Audited Your Website.,charlie@charlie-marshall.dev,johnbeard@accountancy-first.co.uk,None,<202505130810.21632920449@smtp-relay.mailin.fr>,NA
Sent,13/05/2025 09:09,I Audited Your Website.,charlie@charlie-marshall.dev,john@butlers.me.uk,None,<202505130809.72819046500@smtp-relay.mailin.fr>,NA
Sent,13/05/2025 09:09,I Audited Your Website.,charlie@charlie-marshall.dev,bertramtoddacc@aol.com,None,<202505130809.59695796476@smtp-relay.mailin.fr>,NA
Sent,13/05/2025 09:09,I Audited Your Website.,charlie@charlie-marshall.dev,sue@tayloraccounting.co.uk,None,<202505130809.82364628820@smtp-relay.mailin.fr>,NA
Sent,13/05/2025 09:08,I Audited Your Website.,charlie@charlie-marshall.dev,charlie@charlie-marshall.dev,None,<202505130808.10355291814@smtp-relay.mailin.fr>,NA
Sent,11/05/2025 14:10,I Audited Your Website.,charlie@charlie-marshall.dev,info@branstonadams.co.uk,None,<202505111310.72762096685@smtp-relay.mailin.fr>,NA
Sent,11/05/2025 14:09,I Audited Your Website.,charlie@charlie-marshall.dev,sylvia@jonesco.co.uk,None,<202505111309.84732679691@smtp-relay.mailin.fr>,NA
Sent,11/05/2025 14:09,I Audited Your Website.,charlie@charlie-marshall.dev,help@ttca.co.uk,None,<202505111309.16889120541@smtp-relay.mailin.fr>,NA
Sent,11/05/2025 14:08,I Audited Your Website.,charlie@charlie-marshall.dev,info@traviss.com,None,<202505111308.21849257353@smtp-relay.mailin.fr>,NA
Sent,11/05/2025 14:08,I Audited Your Website.,charlie@charlie-marshall.dev,martin@mleaccounting.com,None,<202505111308.65524481235@smtp-relay.mailin.fr>,NA
Sent,09/05/2025 18:11,I Audited Your Website.,charlie@charlie-marshall.dev,service@lingserve.co.uk,None,<202505091711.66474981561@smtp-relay.mailin.fr>,NA
Sent,09/05/2025 18:10,I Audited Your Website.,charlie@charlie-marshall.dev,contact@calmspacewellbeing.co.uk,None,<202505091710.36976592731@smtp-relay.mailin.fr>,NA
Sent,09/05/2025 18:10,I Audited Your Website.,charlie@charlie-marshall.dev,hello@downlightelectrical.co.uk,None,<202505091710.36784714292@smtp-relay.mailin.fr>,NA
Sent,09/05/2025 18:10,I Audited Your Website.,charlie@charlie-marshall.dev,dragonvandm@gmail.com,None,<202505091710.10876276605@smtp-relay.mailin.fr>,NA
Sent,09/05/2025 18:09,I Audited Your Website.,charlie@charlie-marshall.dev,furbabygw@hotmail.com,None,<202505091709.55999119861@smtp-relay.mailin.fr>,NA
Sent,09/05/2025 18:09,I Audited Your Website.,charlie@charlie-marshall.dev,hello@imagehair.co,None,<202505091709.33012744277@smtp-relay.mailin.fr>,NA
Sent,09/05/2025 18:08,I Audited Your Website.,charlie@charlie-marshall.dev,info@eschertech.com,None,<202505091708.68786213184@smtp-relay.mailin.fr>,NA
Sent,09/05/2025 17:12,I Audited Your Website.,charlie@charlie-marshall.dev,angelacharlesinteriors@aol.com,None,<202505091612.44728651630@smtp-relay.mailin.fr>,NA
Sent,09/05/2025 17:12,I Audited Your Website.,charlie@charlie-marshall.dev,office@mulberryandco.co.uk,None,<202505091612.34827685899@smtp-relay.mailin.fr>,NA
Sent,09/05/2025 17:11,I Audited Your Website.,charlie@charlie-marshall.dev,lee@yatesaccountants.co.uk,None,<202505091611.42210064810@smtp-relay.mailin.fr>,NA
Sent,09/05/2025 17:10,I Audited Your Website.,charlie@charlie-marshall.dev,info@elixir-tax.co.uk,None,<202505091610.42925525452@smtp-relay.mailin.fr>,NA
Sent,09/05/2025 17:10,I Audited Your Website.,charlie@charlie-marshall.dev,anne@goodaccountancyservices.co.uk,None,<202505091610.27580598375@smtp-relay.mailin.fr>,NA
Sent,09/05/2025 17:10,I Audited Your Website.,charlie@charlie-marshall.dev,jgardiner@aspireaccounting.co.uk,None,<202505091610.98820074772@smtp-relay.mailin.fr>,NA
Sent,09/05/2025 17:09,I Audited Your Website.,charlie@charlie-marshall.dev,harim@asmita-associates.com,None,<202505091609.41243330050@smtp-relay.mailin.fr>,NA
Sent,09/05/2025 17:09,I Audited Your Website.,charlie@charlie-marshall.dev,neilh@whiteleysaccountants.co.uk,None,<202505091609.73305382394@smtp-relay.mailin.fr>,NA
Sent,09/05/2025 17:08,I Audited Your Website.,charlie@charlie-marshall.dev,info@keith-graham.co.uk,None,<202505091608.23826029154@smtp-relay.mailin.fr>,NA
Sent,09/05/2025 17:08,I Audited Your Website.,charlie@charlie-marshall.dev,lesley.shurman@birdiebookkeeping.co.uk,None,<202505091608.42839904441@smtp-relay.mailin.fr>,NA
Sent,08/05/2025 21:08,I Audited Your Website.,charlie@charlie-marshall.dev,clipandcarefarnham@gmail.com,None,<202505082008.18183166653@smtp-relay.mailin.fr>,NA
Sent,08/05/2025 20:08,I Audited Your Website.,charlie@charlie-marshall.dev,di@thedogwalkeraldershot.co.uk,None,<202505081908.46368119249@smtp-relay.mailin.fr>,NA
Sent,08/05/2025 19:08,I Audited Your Website.,charlie@charlie-marshall.dev,strollsandscampers@gmail.com,None,<202505081808.19699591476@smtp-relay.mailin.fr>,NA
Sent,08/05/2025 18:08,I Audited Your Website.,charlie@charlie-marshall.dev,lovelivingnaturally1@gmail.com,None,<202505081708.75603228161@smtp-relay.mailin.fr>,NA
Sent,08/05/2025 17:08,I Audited Your Website.,charlie@charlie-marshall.dev,janeshattock@btinternet.com,None,<202505081608.59007735419@smtp-relay.mailin.fr>,NA
Sent,08/05/2025 16:08,I Audited Your Website.,charlie@charlie-marshall.dev,sarajbevins@gmail.com,None,<202505081508.63746437716@smtp-relay.mailin.fr>,NA
Sent,08/05/2025 15:08,I Audited Your Website.,charlie@charlie-marshall.dev,merel@mkreflexology.co.uk,None,<202505081408.90363328924@smtp-relay.mailin.fr>,NA
Sent,08/05/2025 14:08,I Audited Your Website.,charlie@charlie-marshall.dev,petataylor1412@icloud.com,None,<202505081308.80855497542@smtp-relay.mailin.fr>,NA
Sent,08/05/2025 13:08,I Audited Your Website.,charlie@charlie-marshall.dev,nicky@mind-bodywellness.co.uk,None,<202505081208.17523739772@smtp-relay.mailin.fr>,NA
Sent,08/05/2025 12:08,I Audited Your Website.,charlie@charlie-marshall.dev,michellemardallreflexology@hotmail.co.uk,None,<202505081108.45248590021@smtp-relay.mailin.fr>,NA
Sent,08/05/2025 10:08,I Audited Your Website.,charlie@charlie-marshall.dev,sealenaturalhealth@gmail.com,None,<202505080908.72687896985@smtp-relay.mailin.fr>,NA
Sent,08/05/2025 09:08,I Audited Your Website.,charlie@charlie-marshall.dev,farnhamloveyoga@gmail.com,None,<202505080808.48046026142@smtp-relay.mailin.fr>,NA
Sent,08/05/2025 08:08,I Audited Your Website.,charlie@charlie-marshall.dev,pemaeds@protonmail.com,None,<202505080708.32079078386@smtp-relay.mailin.fr>,NA
Sent,08/05/2025 07:08,I Audited Your Website.,charlie@charlie-marshall.dev,victoria@energisesportstherapy.co.uk,None,<202505080608.24266244073@smtp-relay.mailin.fr>,NA
Sent,08/05/2025 06:08,I Audited Your Website.,charlie@charlie-marshall.dev,info@freyanaturaltherapy.com,None,<202505080508.16658392644@smtp-relay.mailin.fr>,NA
Sent,08/05/2025 05:08,I Audited Your Website.,charlie@charlie-marshall.dev,kmist@hotmail.co.uk,None,<202505080408.39313636678@smtp-relay.mailin.fr>,NA
Sent,08/05/2025 04:08,I Audited Your Website.,charlie@charlie-marshall.dev,andrea@andreabremner.co.uk,None,<202505080308.20600198037@smtp-relay.mailin.fr>,NA
Sent,08/05/2025 03:08,I Audited Your Website.,charlie@charlie-marshall.dev,lorienrobinsonslt@gmail.com,None,<202505080208.13477099446@smtp-relay.mailin.fr>,NA
Sent,08/05/2025 02:08,I Audited Your Website.,charlie@charlie-marshall.dev,trevor@mindsethypnotherapy.co.uk,None,<202505080108.55330533051@smtp-relay.mailin.fr>,NA
Sent,08/05/2025 01:08,I Audited Your Website.,charlie@charlie-marshall.dev,info@handsonholistic.co.uk,None,<202505080008.90360618047@smtp-relay.mailin.fr>,NA
Sent,08/05/2025 00:08,I Audited Your Website.,charlie@charlie-marshall.dev,charlotte@activepsychology.co.uk,None,<202505072308.34774397656@smtp-relay.mailin.fr>,NA
Sent,07/05/2025 23:08,I Audited Your Website.,charlie@charlie-marshall.dev,enquiries@adams-holistic-health.co.uk,None,<202505072208.53857031914@smtp-relay.mailin.fr>,NA
Sent,07/05/2025 22:08,I Audited Your Website.,charlie@charlie-marshall.dev,amy@gateofbalanceacupuncture.co.uk,None,<202505072108.88539660761@smtp-relay.mailin.fr>,NA
Sent,07/05/2025 21:08,I Audited Your Website.,charlie@charlie-marshall.dev,ben.lewis10@btinternet.com,None,<202505072008.38646151843@smtp-relay.mailin.fr>,NA
Sent,07/05/2025 20:08,I Audited Your Website.,charlie@charlie-marshall.dev,lessons@matthewjohns.co.uk,None,<202505071908.41693833900@smtp-relay.mailin.fr>,NA
Sent,07/05/2025 19:08,I Audited Your Website.,charlie@charlie-marshall.dev,ultrastu@gmail.com,None,<202505071808.90628640564@smtp-relay.mailin.fr>,NA
Sent,07/05/2025 18:53,I Audited Your Website.,charlie@charlie-marshall.dev,ashbashmusic@yahoo.co.uk,None,<202505071708.52580577376@smtp-relay.mailin.fr>,NA
Sent,07/05/2025 16:08,I Audited Your Website.,charlie@charlie-marshall.dev,syobuk@gmail.com,None,<202505071508.97882949330@smtp-relay.mailin.fr>,NA
Sent,07/05/2025 15:08,I Audited Your Website.,charlie@charlie-marshall.dev,subnetix@gmail.com,None,<202505071408.98854418380@smtp-relay.mailin.fr>,NA
Sent,07/05/2025 14:08,I Audited Your Website.,charlie@charlie-marshall.dev,syob@gmail.com,None,<202505071308.97351025551@smtp-relay.mailin.fr>,NA
Sent,07/05/2025 12:02,I Audited Your Website.,charlie@charlie-marshall.dev,subnetix@gmail.com,None,<202505071102.75495912353@smtp-relay.mailin.fr>,NA
Sent,07/05/2025 12:02,I Audited Your Website.,charlie@charlie-marshall.dev,subnetix@gmail.com,None,<202505071102.17753831299@smtp-relay.mailin.fr>,NA
Sent,07/05/2025 11:59,I Audited Your Website.,charlie@charlie-marshall.dev,subnetix@gmail.com,None,<202505071059.76961056694@smtp-relay.mailin.fr>,NA
Sent,07/05/2025 11:58,I Audited Your Website.,charlie@charlie-marshall.dev,subnetix@gmail.com,None,<202505071058.85999055543@smtp-relay.mailin.fr>,NA
Sent,07/05/2025 11:57,I Audited Your Website.,charlie@charlie-marshall.dev,subnetix@gmail.com,None,<202505071057.61305113797@smtp-relay.mailin.fr>,NA
Sent,07/05/2025 11:57,I Audited Your Website.,charlie@charlie-marshall.dev,subnetix@gmail.com,None,<202505071057.36458590201@smtp-relay.mailin.fr>,NA
Sent,07/05/2025 11:12,I Audited Your Website.,charlie@charlie-marshall.dev,subnetix@gmail.com,None,<202505071012.16422742383@smtp-relay.mailin.fr>,NA
Sent,07/05/2025 11:03,I Audited Your Website.,charlie@charlie-marshall.dev,subnetix@gmail.com,None,<202505071003.89887607605@smtp-relay.mailin.fr>,NA
Sent,07/05/2025 10:55,I Audited Your Website.,charlie@charlie-marshall.dev,subnetix@gmail.com,None,<202505070955.58702275326@smtp-relay.mailin.fr>,NA
Sent,07/05/2025 10:54,I Audited Your Website.,charlie@charlie-marshall.dev,subnetix@gmail.com,None,<202505070954.35854859986@smtp-relay.mailin.fr>,NA
Sent,07/05/2025 10:53,I Audited Your Website.,charlie@charlie-marshall.dev,subnetix@gmail.com,None,<202505070953.28244170629@smtp-relay.mailin.fr>,NA
Sent,07/05/2025 10:52,I Audited Your Website.,charlie@charlie-marshall.dev,subnetix@gmail.com,None,<202505070952.11059270128@smtp-relay.mailin.fr>,NA
Sent,07/05/2025 10:50,I Audited Your Website.,charlie@charlie-marshall.dev,subnetix@gmail.com,None,<202505070950.96592160363@smtp-relay.mailin.fr>,NA
Sent,07/05/2025 10:45,I Audited Your Website.,charlie@charlie-marshall.dev,subnetix@gmail.com,None,<202505070945.40891595214@smtp-relay.mailin.fr>,NA
Sent,07/05/2025 10:45,I Audited Your Website.,charlie@charlie-marshall.dev,subnetix@gmail.com,None,<202505070945.76512208473@smtp-relay.mailin.fr>,NA
Sent,07/05/2025 10:28,I Audited Your Website.,charlie@charlie-marshall.dev,subnetix@gmail.com,None,<202505070928.82114313171@smtp-relay.mailin.fr>,NA
Sent,06/05/2025 15:45,TEST,charlie@charlie-marshall.dev,subnetix@gmail.com,None,<202505061445.59581844141@smtp-relay.mailin.fr>,NA
Sent,21/04/2025 19:43,Verify your email,charlie@charlie-marshall.dev,charlie@charlie-marshall.dev,None,<202504211843.30670104164@smtp-relay.mailin.fr>,NA
Sent,21/04/2025 19:35,Verify your email,charlie@charlie-marshall.dev,subnetix@gmail.com,None,<202504211835.84342804766@smtp-relay.mailin.fr>,NA
Sent,21/04/2025 19:34,Join test on Our Platform,charlie@charlie-marshall.dev,subnetix@gmail.com,None,<202504211834.19756180479@smtp-relay.mailin.fr>,NA
Sent,21/04/2025 19:27,Verify your email,charlie@charlie-marshall.dev,charlie.marshall1996@gmail.com,None,<202504211827.18368996520@smtp-relay.mailin.fr>,NA
Sent,21/04/2025 16:42,Verify your email,charlie@charlie-marshall.dev,subnetix@gmail.com,None,<202504211542.70706403860@smtp-relay.mailin.fr>,NA
Sent,21/04/2025 16:39,Join Charlie Marshall on Our Platform,charlie@charlie-marshall.dev,subnetix@gmail.com,None,<202504211539.31426754582@smtp-relay.mailin.fr>,NA
Sent,21/04/2025 16:38,Verify your email,charlie@charlie-marshall.dev,charlie.marshall1996@gmail.com,None,<202504211538.98036795316@smtp-relay.mailin.fr>,NA
Sent,21/04/2025 16:33,Verify your email,charlie@charlie-marshall.dev,charlie@charlie-marshall.dev,None,<202504211533.84105303975@smtp-relay.mailin.fr>,NA
Sent,21/04/2025 16:28,Join test on Our Platform,charlie@charlie-marshall.dev,subnetix@gmail.com,None,<202504211528.78994927898@smtp-relay.mailin.fr>,NA
Sent,21/04/2025 14:21,Join test on Our Platform,charlie@charlie-marshall.dev,webbywiz@gmail.com,None,<202504211321.75552392082@smtp-relay.mailin.fr>,NA
Sent,21/04/2025 14:09,Verify your email,charlie@charlie-marshall.dev,charlie.marshall1996@gmail.com,None,<202504211309.99002928609@smtp-relay.mailin.fr>,NA
Sent,18/04/2025 13:45,Verify your email,charlie@charlie-marshall.dev,charlie.marshall1996@gmail.com,None,<202504181245.57138643845@smtp-relay.mailin.fr>,NA
Sent,09/04/2025 10:40,Meeting Confirmation,charlie@charlie-marshall.dev,charlie.marshall1996@gmail.com,None,<202504090940.12689577471@smtp-relay.mailin.fr>,NA
